'date','symbol','open','high','low','close','Volume BTC','Volume BRL','tradecount'
'2022-04-17 00:00:00','BTC/BRL','191532.00000000','191659.00000000','191237.00000000','191549.00000000','2.31793000','443895.41544000',252
'2022-04-16 00:00:00','BTC/BRL','192308.00000000','193060.00000000','189645.00000000','191514.00000000','99.45156000','19028019.59130000',8694
'2022-04-15 00:00:00','BTC/BRL','189292.00000000','193481.00000000','188520.00000000','192320.00000000','160.92152000','30730773.34798000',10975
'2022-04-14 00:00:00','BTC/BRL','194565.00000000','196172.00000000','187134.00000000','189267.00000000','296.23960000','56711040.71342000',17481
'2022-04-13 00:00:00','BTC/BRL','189000.00000000','195770.00000000','186200.00000000','194543.00000000','384.42073000','73537558.90339000',19572
'2022-04-12 00:00:00','BTC/BRL','187441.00000000','192407.00000000','185156.00000000','188910.00000000','470.54003000','88745371.73495000',26302
'2022-04-11 00:00:00','BTC/BRL','200065.00000000','201081.00000000','185915.00000000','187418.00000000','498.96877000','96521904.97028000',34941
'2022-04-10 00:00:00','BTC/BRL','202979.00000000','205920.00000000','198599.00000000','200204.00000000','166.81185000','33818456.85436000',12798
'2022-04-09 00:00:00','BTC/BRL','200332.00000000','203045.00000000','199860.00000000','202899.00000000','140.51409000','28283897.50500000',12757
'2022-04-08 00:00:00','BTC/BRL','208145.00000000','210584.00000000','199846.00000000','200402.00000000','417.73682000','86005863.83287000',23004
'2022-04-07 00:00:00','BTC/BRL','205417.00000000','209453.00000000','203334.00000000','208257.00000000','321.79067000','66739442.72222000',19933
'2022-04-06 00:00:00','BTC/BRL','213301.00000000','213557.00000000','205000.00000000','205417.00000000','535.97896000','112333479.70383000',27754
'2022-04-05 00:00:00','BTC/BRL','216025.00000000','219000.00000000','212893.00000000','213299.00000000','403.31978000','87012499.21946000',20774
'2022-04-04 00:00:00','BTC/BRL','218243.00000000','218351.00000000','210090.00000000','216057.00000000','706.57082000','151564366.67545000',25257
'2022-04-03 00:00:00','BTC/BRL','215516.00000000','222764.00000000','214170.00000000','218224.00000000','352.63575000','76857057.50588000',16046
'2022-04-02 00:00:00','BTC/BRL','217888.00000000','221491.00000000','214688.00000000','215574.00000000','444.70166000','97101737.75248000',19262
'2022-04-01 00:00:00','BTC/BRL','217794.00000000','221400.00000000','211304.00000000','217870.00000000','540.36344000','117054250.37271000',27901
'2022-03-31 00:00:00','BTC/BRL','226425.00000000','228525.00000000','216300.00000000','217795.00000000','467.63525000','103989124.07925000',26929
'2022-03-30 00:00:00','BTC/BRL','227575.00000000','229300.00000000','223391.00000000','226422.00000000','403.47156000','91265075.66453000',22477
'2022-03-29 00:00:00','BTC/BRL','225643.00000000','229798.00000000','225046.00000000','227603.00000000','347.65782000','79170946.52937000',19756
'2022-03-28 00:00:00','BTC/BRL','222942.00000000','230946.00000000','222223.00000000','225602.00000000','466.93150000','106123297.42172000',28015
'2022-03-27 00:00:00','BTC/BRL','213014.00000000','223352.00000000','212693.00000000','222975.00000000','255.13419000','55480419.61504000',15287
'2022-03-26 00:00:00','BTC/BRL','212015.00000000','214259.00000000','211000.00000000','213015.00000000','175.85159000','37326691.16806000',10920
'2022-03-25 00:00:00','BTC/BRL','213085.00000000','217520.00000000','211250.00000000','211896.00000000','399.14039000','85410883.01155000',19780
'2022-03-24 00:00:00','BTC/BRL','208590.00000000','215000.00000000','206500.00000000','213041.00000000','494.44786000','104261685.70556000',21608
'2022-03-23 00:00:00','BTC/BRL','209568.00000000','210471.00000000','205000.00000000','208502.00000000','394.96156000','81902784.55058000',18225
'2022-03-22 00:00:00','BTC/BRL','203940.00000000','213812.00000000','203258.00000000','209573.00000000','599.55843000','125999546.87297000',26034
'2022-03-21 00:00:00','BTC/BRL','208537.00000000','209550.00000000','203095.00000000','203947.00000000','393.74335000','80898833.03424000',20639
'2022-03-20 00:00:00','BTC/BRL','213148.00000000','213495.00000000','206618.00000000','208534.00000000','149.03662000','31267262.61925000',11031
'2022-03-19 00:00:00','BTC/BRL','210661.00000000','213868.00000000','209012.00000000','213178.00000000','188.69655000','39895621.17216000',13848
'2022-03-18 00:00:00','BTC/BRL','206848.00000000','212994.00000000','203300.00000000','210623.00000000','357.38994000','74186804.01286000',20003
'2022-03-17 00:00:00','BTC/BRL','209132.00000000','211000.00000000','205156.00000000','206849.00000000','378.89429000','78691318.52812000',19015
'2022-03-16 00:00:00','BTC/BRL','202185.00000000','213841.00000000','198888.00000000','209150.00000000','676.42073000','139782440.05226000',30527
'2022-03-15 00:00:00','BTC/BRL','202889.00000000','204999.00000000','195571.00000000','202059.00000000','429.67512000','86168911.70180000',21290
'2022-03-14 00:00:00','BTC/BRL','193022.00000000','203950.00000000','191800.00000000','202872.00000000','432.95394000','85693365.40689000',19941
'2022-03-13 00:00:00','BTC/BRL','197558.00000000','200141.00000000','191776.00000000','192820.00000000','209.99870000','41382975.59800000',12984
'2022-03-12 00:00:00','BTC/BRL','197048.00000000','201110.00000000','196743.00000000','197584.00000000','318.73212000','63408413.89376000',14184
'2022-03-11 00:00:00','BTC/BRL','199173.00000000','202859.00000000','193129.00000000','197162.00000000','468.61630000','92575526.71375000',20898
'2022-03-10 00:00:00','BTC/BRL','211516.00000000','212000.00000000','195717.00000000','199173.00000000','428.75113000','85693194.59107000',20544
'2022-03-09 00:00:00','BTC/BRL','197778.00000000','215290.00000000','197225.00000000','211516.00000000','390.98368000','82450515.06160000',24532
'2022-03-08 00:00:00','BTC/BRL','195208.00000000','200975.00000000','194690.00000000','197776.00000000','295.92116000','58589027.97331000',14957
'2022-03-07 00:00:00','BTC/BRL','196731.00000000','200900.00000000','190277.00000000','195375.00000000','387.67294000','75978045.55729000',23012
'2022-03-06 00:00:00','BTC/BRL','201419.00000000','203040.00000000','195039.00000000','196615.00000000','166.87038000','33157862.27095000',13083
'2022-03-05 00:00:00','BTC/BRL','200015.00000000','202831.00000000','197379.00000000','201460.00000000','174.35818000','34979695.83830000',13595
'2022-03-04 00:00:00','BTC/BRL','214966.00000000','215403.00000000','197149.00000000','200001.00000000','341.63860000','70767812.27303000',18956
'2022-03-03 00:00:00','BTC/BRL','225221.00000000','225910.00000000','211900.00000000','214985.00000000','304.72465000','66525465.32600000',16076
'2022-03-02 00:00:00','BTC/BRL','228750.00000000','232838.00000000','223000.00000000','225047.00000000','411.19470000','93300974.15339000',21919
'2022-03-01 00:00:00','BTC/BRL','222697.00000000','231794.00000000','220334.00000000','228742.00000000','345.99871000','78056909.14529000',25899
'2022-02-28 00:00:00','BTC/BRL','196365.00000000','227999.00000000','195054.00000000','222638.00000000','380.84784000','79890972.35977000',28461
'2022-02-27 00:00:00','BTC/BRL','203324.00000000','207100.00000000','192886.00000000','196220.00000000','174.33227000','34736122.48334000',12403
'2022-02-26 00:00:00','BTC/BRL','203725.00000000','208888.00000000','200400.00000000','203300.00000000','129.99233000','26531332.64872000',10976
'2022-02-25 00:00:00','BTC/BRL','197549.00000000','205726.00000000','196022.00000000','203735.00000000','303.40354000','61055993.10418000',20497
'2022-02-24 00:00:00','BTC/BRL','188003.00000000','203582.00000000','172816.00000000','197587.00000000','785.24843300','145281413.67288600',42179
'2022-02-23 00:00:00','BTC/BRL','195244.00000000','199712.00000000','187360.00000000','188141.00000000','295.94267000','57295439.39525000',17392
'2022-02-22 00:00:00','BTC/BRL','190896.00000000','196383.00000000','187607.00000000','195031.00000000','305.03609000','58666817.97840000',18965
'2022-02-21 00:00:00','BTC/BRL','199463.00000000','204999.00000000','190000.00000000','191029.00000000','408.03187000','80216942.85931000',29009
'2022-02-20 00:00:00','BTC/BRL','207997.00000000','208266.00000000','197275.00000000','199340.00000000','139.79679000','27948140.52690000',13088
'2022-02-19 00:00:00','BTC/BRL','207397.00000000','209812.00000000','205603.00000000','207985.00000000','77.19132000','16023767.76325000',8088
'2022-02-18 00:00:00','BTC/BRL','211224.00000000','213915.00000000','204004.00000000','207231.00000000','250.81648000','52359917.29154000',16736
'2022-02-17 00:00:00','BTC/BRL','226519.00000000','228090.00000000','209189.00000000','211547.00000000','243.29617000','53020438.84705000',19367
'2022-02-16 00:00:00','BTC/BRL','230861.00000000','231105.00000000','225101.00000000','226614.00000000','142.63456000','32475319.48685000',13438
'2022-02-15 00:00:00','BTC/BRL','223195.00000000','232788.00000000','222785.00000000','230793.00000000','205.11078000','47134968.23351000',17416
'2022-02-14 00:00:00','BTC/BRL','222785.00000000','224699.00000000','219558.00000000','223268.00000000','181.68850000','40470085.95286000',15675
'2022-02-13 00:00:00','BTC/BRL','223572.00000000','226708.00000000','222100.00000000','222925.00000000','58.65581000','13163640.17599000',6988
'2022-02-12 00:00:00','BTC/BRL','224287.00000000','227861.00000000','221171.00000000','223442.00000000','90.95029000','20388543.56784000',9098
'2022-02-11 00:00:00','BTC/BRL','229550.00000000','231351.00000000','221671.00000000','224445.00000000','267.51696000','60772730.51181000',18857
'2022-02-10 00:00:00','BTC/BRL','233630.00000000','239509.00000000','227851.00000000','229585.00000000','360.45166000','84239645.22453000',26616
'2022-02-09 00:00:00','BTC/BRL','233595.00000000','236278.00000000','228801.00000000','233783.00000000','226.19168000','52722150.10391000',18475
'2022-02-08 00:00:00','BTC/BRL','232851.00000000','241181.00000000','226543.00000000','233556.00000000','309.60975000','71675343.22348000',23628
'2022-02-07 00:00:00','BTC/BRL','227468.00000000','236600.00000000','223196.00000000','232633.00000000','279.25890000','64507117.83220000',29975
'2022-02-06 00:00:00','BTC/BRL','222387.00000000','228855.00000000','220900.00000000','227416.00000000','105.58972000','23636725.03255000',15649
'2022-02-05 00:00:00','BTC/BRL','222700.00000000','225100.00000000','220132.00000000','222535.00000000','165.35310000','36853867.28066000',21250
'2022-02-04 00:00:00','BTC/BRL','198920.00000000','223558.00000000','197412.00000000','222532.00000000','303.06318000','63717730.12566000',28203
'2022-02-03 00:00:00','BTC/BRL','196078.00000000','199034.00000000','192998.00000000','198700.00000000','201.57947000','39436941.24935000',21617
'2022-02-02 00:00:00','BTC/BRL','205495.00000000','206301.00000000','194650.00000000','196119.00000000','235.04209000','47260500.42099000',25877
'2022-02-01 00:00:00','BTC/BRL','205380.00000000','208687.00000000','203001.00000000','205436.00000000','253.39438000','52126591.06394000',26307
'2022-01-31 00:00:00','BTC/BRL','205980.00000000','206903.00000000','199360.00000000','205563.00000000','256.60251000','52226279.97516000',25791
'2022-01-30 00:00:00','BTC/BRL','207053.00000000','208000.00000000','203110.00000000','205989.00000000','77.75505000','16008136.85933000',14419
'2022-01-29 00:00:00','BTC/BRL','204447.00000000','210005.00000000','202874.00000000','207129.00000000','160.13675000','32866756.19568000',18218
'2022-01-28 00:00:00','BTC/BRL','202818.00000000','205952.00000000','196853.00000000','204459.00000000','242.99411000','48931666.63156000',21968
'2022-01-27 00:00:00','BTC/BRL','202452.00000000','203865.00000000','193790.00000000','202883.00000000','317.66220000','63163812.40560000',23245
'2022-01-26 00:00:00','BTC/BRL','203796.00000000','211900.00000000','199408.00000000','202294.00000000','396.15695000','81807251.25463000',29345
'2022-01-25 00:00:00','BTC/BRL','203344.00000000','206500.00000000','198341.00000000','203603.00000000','297.12269000','60360199.59979000',24737
'2022-01-24 00:00:00','BTC/BRL','200297.00000000','208700.00000000','182280.00000000','203538.00000000','462.20448700','88897368.90052700',36033
'2022-01-23 00:00:00','BTC/BRL','193997.00000000','201500.00000000','191320.00000000','200332.00000000','168.51754000','33060725.68012000',18696
'2022-01-22 00:00:00','BTC/BRL','200955.00000000','203091.00000000','187636.00000000','193970.00000000','439.79941000','85765010.24537800',36235
'2022-01-21 00:00:00','BTC/BRL','223067.00000000','225329.00000000','196207.00000000','201243.00000000','468.91983000','98135770.02902500',43962
'2022-01-20 00:00:00','BTC/BRL','229379.00000000','237185.00000000','222480.00000000','223103.00000000','206.21275000','47712421.58577000',21788
'2022-01-19 00:00:00','BTC/BRL','237451.00000000','238180.00000000','228535.00000000','229302.00000000','178.69234000','41498540.52825000',17817
'2022-01-18 00:00:00','BTC/BRL','235087.00000000','238888.00000000','229930.00000000','237617.00000000','149.00381000','34731372.19080000',16727
'2022-01-17 00:00:00','BTC/BRL','240930.00000000','241389.00000000','231579.00000000','235095.00000000','161.80780000','38104312.00232000',16812
'2022-01-16 00:00:00','BTC/BRL','240787.00000000','242845.00000000','238254.00000000','240932.00000000','56.54909000','13606081.68974000',9269
'2022-01-15 00:00:00','BTC/BRL','240200.00000000','244366.00000000','237882.00000000','240790.00000000','73.61198000','17747818.91588000',11295
'2022-01-14 00:00:00','BTC/BRL','237768.00000000','242299.00000000','232793.00000000','240222.00000000','147.46693000','35095101.41550000',17641
'2022-01-13 00:00:00','BTC/BRL','245191.00000000','247199.00000000','236500.00000000','237804.00000000','153.01490000','36965667.04755000',17571
'2022-01-12 00:00:00','BTC/BRL','240816.00000000','247383.00000000','239101.00000000','245374.00000000','173.79958000','42391519.74626000',22043
'2022-01-11 00:00:00','BTC/BRL','238815.00000000','243362.00000000','234498.00000000','240702.00000000','194.44573000','46556919.61690000',21558
'2022-01-10 00:00:00','BTC/BRL','238357.00000000','240300.00000000','227000.00000000','238772.00000000','320.26650000','75285972.41361000',26311
'2022-01-09 00:00:00','BTC/BRL','237742.00000000','243795.00000000','235000.00000000','238510.00000000','69.24601000','16578403.82886000',13013
'2022-01-08 00:00:00','BTC/BRL','236394.00000000','241179.00000000','231269.00000000','237640.00000000','132.79731000','31387131.30345000',17792
'2022-01-07 00:00:00','BTC/BRL','247419.00000000','247585.00000000','232300.00000000','236447.00000000','257.34872000','61593604.05485000',29998
'2022-01-06 00:00:00','BTC/BRL','250564.00000000','252796.00000000','245377.00000000','247430.00000000','291.89434000','72372214.30044000',31295
'2022-01-05 00:00:00','BTC/BRL','261954.00000000','268206.00000000','246591.00000000','250564.00000000','329.88205000','85322703.70348000',31423
'2022-01-04 00:00:00','BTC/BRL','264505.00000000','269269.00000000','260213.00000000','261969.00000000','213.13697000','56520983.45533000',21773
'2022-01-03 00:00:00','BTC/BRL','266571.00000000','268100.00000000','260258.00000000','264513.00000000','157.22630000','41616873.05813000',18507
'2022-01-02 00:00:00','BTC/BRL','268897.00000000','270307.00000000','263260.00000000','266630.00000000','77.81297000','20719980.20946000',11116
'2022-01-01 00:00:00','BTC/BRL','260570.00000000','270044.00000000','260544.00000000','268897.00000000','67.21252000','17842553.97036000',8662
'2021-12-31 00:00:00','BTC/BRL','265634.00000000','273059.00000000','257721.00000000','260593.00000000','151.47185000','40279969.42164000',17612
'2021-12-30 00:00:00','BTC/BRL','266975.00000000','280000.00000000','263500.00000000','265750.00000000','245.15260000','65727787.92696000',22902
'2021-12-29 00:00:00','BTC/BRL','270357.00000000','274941.00000000','264773.00000000','266975.00000000','175.65756000','47507198.26992000',22778
'2021-12-28 00:00:00','BTC/BRL','288339.00000000','288339.00000000','269171.00000000','270226.00000000','198.00528000','54841908.31523000',24512
'2021-12-27 00:00:00','BTC/BRL','290189.00000000','295785.00000000','287534.00000000','288378.00000000','160.98854000','46928135.79001000',20643
'2021-12-26 00:00:00','BTC/BRL','288492.00000000','292796.00000000','283013.00000000','290188.00000000','89.59030000','25758827.06769000',13128
'2021-12-25 00:00:00','BTC/BRL','290259.00000000','292315.00000000','286977.00000000','288356.00000000','80.86540000','23473793.44936000',10228
'2021-12-24 00:00:00','BTC/BRL','289592.00000000','296137.00000000','288732.00000000','290144.00000000','184.33703000','53749628.17728000',20026
'2021-12-23 00:00:00','BTC/BRL','277024.00000000','292132.00000000','274000.00000000','289531.00000000','235.46270000','66622524.53115000',23504
'2021-12-22 00:00:00','BTC/BRL','280500.00000000','283946.00000000','276870.00000000','277147.00000000','179.41989000','50299050.16059000',23379
'2021-12-21 00:00:00','BTC/BRL','269052.00000000','283214.00000000','267501.00000000','280520.00000000','289.05062000','80437164.07719000',26798
'2021-12-20 00:00:00','BTC/BRL','267093.00000000','272556.00000000','261100.00000000','268895.00000000','314.17007000','83340922.12797000',26306
'2021-12-19 00:00:00','BTC/BRL','267453.00000000','274769.00000000','261000.00000000','267103.00000000','125.34728000','33741602.73289000',14287
'2021-12-18 00:00:00','BTC/BRL','262968.00000000','269499.00000000','259301.00000000','267452.00000000','192.03441000','50897589.31635000',17153
'2021-12-17 00:00:00','BTC/BRL','273412.00000000','275335.00000000','260000.00000000','262968.00000000','405.17512000','108705691.68896000',31457
'2021-12-16 00:00:00','BTC/BRL','279294.00000000','283007.00000000','272432.00000000','273406.00000000','205.79360000','57128803.64268000',20260
'2021-12-15 00:00:00','BTC/BRL','276342.00000000','283949.00000000','267562.00000000','279309.00000000','276.32724000','76170915.76639000',26203
'2021-12-14 00:00:00','BTC/BRL','267644.00000000','278461.00000000','265000.00000000','276474.00000000','217.80902000','58850188.76087000',21552
'2021-12-13 00:00:00','BTC/BRL','283587.00000000','284312.00000000','261784.00000000','267626.00000000','299.05127000','81160492.56761000',24578
'2021-12-12 00:00:00','BTC/BRL','279639.00000000','287223.00000000','275800.00000000','283523.00000000','118.43177000','33417135.33733000',12997
'2021-12-11 00:00:00','BTC/BRL','267706.00000000','283000.00000000','265000.00000000','279662.00000000','145.34497000','39907301.86039000',15030
'2021-12-10 00:00:00','BTC/BRL','269098.00000000','281617.00000000','266193.00000000','267382.00000000','241.83696000','66008349.92650000',23061
'2021-12-09 00:00:00','BTC/BRL','283308.00000000','284663.00000000','267310.00000000','269257.00000000','256.99604000','70338292.71434000',25463
'2021-12-08 00:00:00','BTC/BRL','285741.00000000','288499.00000000','276054.00000000','283060.00000000','288.77193000','81685987.67644000',26223
'2021-12-07 00:00:00','BTC/BRL','290170.00000000','296305.00000000','282399.00000000','285478.00000000','235.80418000','68519082.76340000',25173
'2021-12-06 00:00:00','BTC/BRL','283675.00000000','292518.00000000','270949.00000000','290056.00000000','299.96130000','84069333.08152000',33502
'2021-12-05 00:00:00','BTC/BRL','283443.00000000','286900.00000000','274820.00000000','283748.00000000','184.72893000','52132640.41344000',23166
'2021-12-04 00:00:00','BTC/BRL','307712.00000000','309146.00000000','246101.00000000','283560.00000000','607.48690000','169729258.76102000',74952
'2021-12-03 00:00:00','BTC/BRL','322329.00000000','326999.00000000','298560.00000000','307857.00000000','318.48825000','100073030.35200000',35502
'2021-12-02 00:00:00','BTC/BRL','327616.00000000','327998.00000000','318225.00000000','322296.00000000','239.46243000','77346675.66648000',26788
'2021-12-01 00:00:00','BTC/BRL','323561.00000000','334395.00000000','320825.00000000','327616.00000000','279.71001000','91449006.47109000',31793
'2021-11-30 00:00:00','BTC/BRL','327714.00000000','333432.00000000','316672.00000000','323454.00000000','284.98617000','92960732.60161000',32519
'2021-11-29 00:00:00','BTC/BRL','324920.00000000','332952.00000000','320564.00000000','327891.00000000','212.34561000','69277674.97045000',25737
'2021-11-28 00:00:00','BTC/BRL','311447.00000000','325711.00000000','304334.00000000','324906.00000000','115.08806000','35933836.49358000',16481
'2021-11-27 00:00:00','BTC/BRL','305419.00000000','314900.00000000','304908.00000000','311503.00000000','109.99974000','34218075.73431000',18792
'2021-11-26 00:00:00','BTC/BRL','333500.00000000','334600.00000000','280000.00000000','305653.00000000','497.49580000','154906944.31340000',52405
'2021-11-25 00:00:00','BTC/BRL','324601.00000000','335499.00000000','323806.00000000','333410.00000000','265.58528000','87949676.11395000',35260
'2021-11-24 00:00:00','BTC/BRL','326243.00000000','326893.00000000','316400.00000000','324470.00000000','268.73689000','86238624.14344000',31269
'2021-11-23 00:00:00','BTC/BRL','319149.00000000','328734.00000000','314000.00000000','326041.00000000','254.46779000','82478239.43746000',27811
'2021-11-22 00:00:00','BTC/BRL','333735.00000000','334500.00000000','315612.00000000','319150.00000000','268.97058000','87225620.66974000',30630
'2021-11-21 00:00:00','BTC/BRL','339138.00000000','341113.00000000','332659.00000000','333811.00000000','102.46947000','34486190.73405000',16802
'2021-11-20 00:00:00','BTC/BRL','329169.00000000','339783.00000000','326767.00000000','339084.00000000','151.70920000','50622700.54543000',21932
'2021-11-19 00:00:00','BTC/BRL','321252.00000000','329492.00000000','314003.00000000','329119.00000000','360.25356000','116558505.45884000',37617
'2021-11-18 00:00:00','BTC/BRL','337045.00000000','340681.00000000','317695.00000000','321252.00000000','429.02250000','141023536.78875000',40975
'2021-11-17 00:00:00','BTC/BRL','335435.00000000','339998.00000000','327052.00000000','337047.00000000','363.73342000','121610485.90169000',38272
'2021-11-16 00:00:00','BTC/BRL','352446.00000000','352668.00000000','328580.00000000','335535.00000000','694.12264000','234628334.03660000',66727
'2021-11-15 00:00:00','BTC/BRL','361700.00000000','364991.00000000','351706.00000000','352446.00000000','189.48583000','68015273.95167000',23604
'2021-11-14 00:00:00','BTC/BRL','356644.00000000','361716.00000000','352250.00000000','361606.00000000','129.51966000','46248600.58593000',17303
'2021-11-13 00:00:00','BTC/BRL','354489.00000000','359460.00000000','350839.00000000','356600.00000000','157.31333000','55820644.83490000',21203
'2021-11-12 00:00:00','BTC/BRL','355540.00000000','358779.00000000','342546.00000000','354471.00000000','371.71615000','130431990.76800000',35583
'2021-11-11 00:00:00','BTC/BRL','362472.00000000','366000.00000000','354639.00000000','355541.00000000','336.94778000','120969072.26312000',36202
'2021-11-10 00:00:00','BTC/BRL','372043.00000000','379772.00000000','355500.00000000','362513.00000000','493.99766000','182677646.21353000',51000
'2021-11-09 00:00:00','BTC/BRL','376581.00000000','380870.00000000','366397.00000000','372048.00000000','406.34483200','152051677.75432900',44519
'2021-11-08 00:00:00','BTC/BRL','355024.00000000','379794.00000000','355024.00000000','376520.00000000','552.33154200','202809888.83867900',52600
'2021-11-07 00:00:00','BTC/BRL','345710.00000000','355071.00000000','345002.00000000','355023.00000000','191.37119000','66909881.93134000',22605
'2021-11-06 00:00:00','BTC/BRL','342834.00000000','346195.00000000','337858.00000000','345692.00000000','210.13514000','71832762.94348000',23328
'2021-11-05 00:00:00','BTC/BRL','348246.00000000','354452.00000000','339218.00000000','342868.00000000','397.77205000','137171217.10555000',36708
'2021-11-04 00:00:00','BTC/BRL','354043.00000000','354953.00000000','343001.00000000','348246.00000000','388.07626000','135067151.65158000',36465
'2021-11-03 00:00:00','BTC/BRL','360526.00000000','362179.00000000','343901.00000000','353906.00000000','368.35652000','131175238.72934000',35564
'2021-11-02 00:00:00','BTC/BRL','349259.00000000','367000.00000000','347521.00000000','360415.00000000','349.74169000','125316909.17077000',34554
'2021-11-01 00:00:00','BTC/BRL','349925.00000000','354936.00000000','340186.00000000','349086.00000000','334.97110000','117095426.10811000',29574
'2021-10-31 00:00:00','BTC/BRL','352577.00000000','355072.00000000','343169.00000000','349930.00000000','260.47347000','90769316.67665000',23850
'2021-10-30 00:00:00','BTC/BRL','354855.00000000','355381.00000000','347547.00000000','352560.00000000','269.27228000','94674859.69104000',24693
'2021-10-29 00:00:00','BTC/BRL','344767.00000000','357829.00000000','342593.00000000','354800.00000000','517.46503000','181477815.30717000',42141
'2021-10-28 00:00:00','BTC/BRL','329076.00000000','353296.00000000','326742.00000000','344778.00000000','632.80253000','216047754.36448000',47382
'2021-10-27 00:00:00','BTC/BRL','339371.00000000','344895.00000000','328500.00000000','328916.00000000','785.85490000','261854498.23757000',58269
'2021-10-26 00:00:00','BTC/BRL','353634.00000000','355000.00000000','337659.00000000','339252.00000000','475.16479000','165815160.63868000',38652
'2021-10-25 00:00:00','BTC/BRL','346316.00000000','359124.00000000','345289.00000000','353634.00000000','412.03327000','146094279.12109000',35377
'2021-10-24 00:00:00','BTC/BRL','348495.00000000','349422.00000000','339899.00000000','346194.00000000','297.99429000','102713199.74441000',23270
'2021-10-23 00:00:00','BTC/BRL','345006.00000000','351244.00000000','340000.00000000','348457.00000000','213.36580000','74117324.52177000',22257
'2021-10-22 00:00:00','BTC/BRL','352662.00000000','363756.00000000','341797.00000000','344913.00000000','550.19626000','193751335.63481000',43607
'2021-10-21 00:00:00','BTC/BRL','369649.00000000','371867.00000000','351200.00000000','352647.00000000','735.96991000','266010416.93433000',59542
'2021-10-20 00:00:00','BTC/BRL','359177.00000000','373000.00000000','355290.00000000','369749.00000000','687.51939000','251886294.63092300',56934
'2021-10-19 00:00:00','BTC/BRL','343456.00000000','360005.00000000','341788.00000000','359206.00000000','591.46282100','207269524.43762900',46144
'2021-10-18 00:00:00','BTC/BRL','339168.00000000','346415.00000000','332452.00000000','343483.00000000','462.18838200','157789003.42566200',37077
'2021-10-17 00:00:00','BTC/BRL','336052.00000000','339904.00000000','326400.00000000','339195.00000000','222.46986000','74571098.40551000',21351
'2021-10-16 00:00:00','BTC/BRL','339936.00000000','343000.00000000','332354.00000000','335905.00000000','260.31740000','87892908.86861000',25199
'2021-10-15 00:00:00','BTC/BRL','319255.00000000','345168.00000000','317850.00000000','339885.00000000','726.49793400','242128222.38618900',53424
'2021-10-14 00:00:00','BTC/BRL','318717.00000000','323501.00000000','316078.00000000','319255.00000000','445.50356300','142394631.01571300',30834
'2021-10-13 00:00:00','BTC/BRL','312989.00000000','321368.00000000','303969.00000000','318883.00000000','494.43470000','155463524.97970000',31100
'2021-10-12 00:00:00','BTC/BRL','320757.00000000','321221.00000000','302150.00000000','313011.00000000','352.66794000','110868125.33845000',25427
'2021-10-11 00:00:00','BTC/BRL','304045.00000000','322333.00000000','302735.00000000','320757.00000000','346.05789500','109397179.86157700',32733
'2021-10-10 00:00:00','BTC/BRL','304004.00000000','312200.00000000','300568.00000000','303972.00000000','228.17052300','69700277.48888600',20755
'2021-10-09 00:00:00','BTC/BRL','299856.00000000','306480.00000000','298501.00000000','304002.00000000','147.15413000','44605839.72565000',16569
'2021-10-08 00:00:00','BTC/BRL','297237.00000000','307310.00000000','295843.00000000','299624.00000000','404.28104400','122002745.62789000',31984
'2021-10-07 00:00:00','BTC/BRL','303981.00000000','303981.00000000','293900.00000000','297065.00000000','411.53440000','122922547.47685000',37011
'2021-10-06 00:00:00','BTC/BRL','282333.00000000','305999.00000000','276249.00000000','303990.00000000','641.62480500','189838653.09672500',58226
'2021-10-05 00:00:00','BTC/BRL','267582.00000000','284589.00000000','266615.00000000','282548.00000000','474.47430400','130302303.59677400',39176
'2021-10-04 00:00:00','BTC/BRL','258067.00000000','269000.00000000','253900.00000000','267531.00000000','394.23762000','103336099.98906000',29019
'2021-10-03 00:00:00','BTC/BRL','255863.00000000','263000.00000000','252687.00000000','258376.00000000','169.17803000','43632498.95358000',17374
'2021-10-02 00:00:00','BTC/BRL','258064.00000000','258398.00000000','253901.00000000','255985.00000000','145.81575000','37380736.96208000',17041
'2021-10-01 00:00:00','BTC/BRL','238397.00000000','260064.00000000','235043.00000000','258066.00000000','448.73094000','113271407.15791000',34045
'2021-09-30 00:00:00','BTC/BRL','227323.00000000','240138.00000000','226727.00000000','238201.00000000','317.24544000','74655559.14817000',22498
'2021-09-29 00:00:00','BTC/BRL','224358.00000000','231450.00000000','223094.00000000','227361.00000000','223.92600000','50879150.77054000',16436
'2021-09-28 00:00:00','BTC/BRL','228526.00000000','231480.00000000','223801.00000000','224191.00000000','230.74362000','52428182.24869000',15900
'2021-09-27 00:00:00','BTC/BRL','232437.00000000','237747.00000000','228201.00000000','228403.00000000','190.28615000','44434287.62778000',15039
'2021-09-26 00:00:00','BTC/BRL','230400.00000000','236413.00000000','220457.00000000','232507.00000000','147.24809000','34000816.54039000',12786
'2021-09-25 00:00:00','BTC/BRL','230642.00000000','231457.00000000','224727.00000000','230414.00000000','117.11179000','26860014.47898000',11612
'2021-09-24 00:00:00','BTC/BRL','239446.00000000','242266.00000000','219251.00000000','230666.00000000','329.63130000','75207955.95161000',26852
'2021-09-23 00:00:00','BTC/BRL','233091.00000000','240310.00000000','230569.00000000','239541.00000000','224.90197000','52930695.33475000',20490
'2021-09-22 00:00:00','BTC/BRL','216822.00000000','233900.00000000','215948.00000000','233091.00000000','243.34091000','55466174.03412000',22573
'2021-09-21 00:00:00','BTC/BRL','230907.00000000','234426.00000000','211574.00000000','216687.00000000','420.47844300','94548361.88013000',34632
'2021-09-20 00:00:00','BTC/BRL','251246.00000000','251621.00000000','229000.00000000','231134.00000000','362.46125000','85671970.62907700',34594
'2021-09-19 00:00:00','BTC/BRL','256698.00000000','257316.00000000','249355.00000000','251219.00000000','108.13575000','27404754.58125000',13063
'2021-09-18 00:00:00','BTC/BRL','252198.00000000','258818.00000000','251234.00000000','256800.00000000','158.08175000','40531443.30783000',17896
'2021-09-17 00:00:00','BTC/BRL','252513.00000000','254375.00000000','249393.00000000','252194.00000000','201.34025000','50811310.41551000',18909
'2021-09-16 00:00:00','BTC/BRL','252524.00000000','254649.00000000','248567.00000000','252513.00000000','195.95064000','49395122.58149000',30866
'2021-09-15 00:00:00','BTC/BRL','248132.00000000','255240.00000000','245854.00000000','252533.00000000','261.47143000','65802245.47204000',23495
'2021-09-14 00:00:00','BTC/BRL','235302.00000000','248980.00000000','233862.00000000','248164.00000000','458.52002000','111155655.52077000',26460
'2021-09-13 00:00:00','BTC/BRL','244343.00000000','247249.00000000','230001.00000000','235304.00000000','586.88121500','137968010.33848500',35318
'2021-09-12 00:00:00','BTC/BRL','240278.00000000','246400.00000000','238218.00000000','244300.00000000','133.03312000','32254302.15063000',14424
'2021-09-11 00:00:00','BTC/BRL','238798.00000000','244490.00000000','237834.00000000','240151.00000000','132.16305000','31887168.75854000',15903
'2021-09-10 00:00:00','BTC/BRL','244674.00000000','247500.00000000','235457.00000000','238614.00000000','503.72457000','121020974.37303000',31437
'2021-09-09 00:00:00','BTC/BRL','245436.00000000','250989.00000000','243000.00000000','244926.00000000','401.43445000','99291069.47701000',31282
'2021-09-08 00:00:00','BTC/BRL','248498.00000000','250499.00000000','233734.00000000','245441.00000000','614.50303000','150961747.70221000',45418
'2021-09-07 00:00:00','BTC/BRL','274548.00000000','276261.00000000','230221.00000000','248500.00000000','678.64957200','173892146.51493000',63966
'2021-09-06 00:00:00','BTC/BRL','269300.00000000','275000.00000000','265701.00000000','274554.00000000','414.94237000','111848721.89900000',31267
'2021-09-05 00:00:00','BTC/BRL','260902.00000000','270881.00000000','258800.00000000','269300.00000000','196.09446700','52109662.16461900',19477
'2021-09-04 00:00:00','BTC/BRL','260745.00000000','263000.00000000','258363.00000000','260994.00000000','169.50974000','44241054.36870000',18401
'2021-09-03 00:00:00','BTC/BRL','256924.00000000','265000.00000000','252293.00000000','260731.00000000','451.61496300','117808618.12043600',31627
'2021-09-02 00:00:00','BTC/BRL','253500.00000000','261448.00000000','252317.00000000','256800.00000000','391.03270100','100645327.76747100',31311
'2021-09-01 00:00:00','BTC/BRL','245634.00000000','254560.00000000','242717.00000000','253500.00000000','266.92032500','66589070.40777300',25416
'2021-08-31 00:00:00','BTC/BRL','246375.00000000','251597.00000000','243590.00000000','245700.00000000','350.61997100','86431397.18641400',31955
'2021-08-30 00:00:00','BTC/BRL','254963.00000000','255839.00000000','245998.00000000','246258.00000000','416.98234000','104545804.15789000',30546
'2021-08-29 00:00:00','BTC/BRL','256378.00000000','259969.00000000','250593.00000000','254763.00000000','164.07191000','41882455.70467300',17586
'2021-08-28 00:00:00','BTC/BRL','256321.00000000','257143.00000000','252916.00000000','256341.00000000','124.43648100','31787819.80501200',15168
'2021-08-27 00:00:00','BTC/BRL','248834.00000000','256427.00000000','246399.00000000','256268.00000000','703.10928200','176054876.43861100',30432
'2021-08-26 00:00:00','BTC/BRL','257948.00000000','259797.00000000','244896.00000000','249027.00000000','408.54742700','101732946.73565900',27716
'2021-08-25 00:00:00','BTC/BRL','253287.00000000','259475.00000000','250397.00000000','258017.00000000','307.64146900','78584234.82435100',26299
'2021-08-24 00:00:00','BTC/BRL','268999.00000000','270575.00000000','253000.00000000','253289.00000000','428.51674300','111270745.22144600',36880
'2021-08-23 00:00:00','BTC/BRL','266507.00000000','272741.00000000','265743.00000000','269037.00000000','291.38092400','78527922.66987500',32651
'2021-08-22 00:00:00','BTC/BRL','265074.00000000','267972.00000000','261685.00000000','266483.00000000','163.53112700','43322776.93706500',15920
'2021-08-21 00:00:00','BTC/BRL','266399.00000000','268999.00000000','260600.00000000','265440.00000000','196.45922900','52150623.82257300',21884
'2021-08-20 00:00:00','BTC/BRL','252247.00000000','266468.00000000','251609.00000000','266328.00000000','411.09320400','106524197.01351200',40148
'2021-08-19 00:00:00','BTC/BRL','242000.00000000','253320.00000000','238701.00000000','252589.00000000','395.80111800','97785149.60244600',31297
'2021-08-18 00:00:00','BTC/BRL','238868.00000000','246890.00000000','236712.00000000','241900.00000000','267.62013400','64828541.32444700',23689
'2021-08-17 00:00:00','BTC/BRL','243501.00000000','249294.00000000','237093.00000000','239281.00000000','311.23703800','75623643.77887000',28460
'2021-08-16 00:00:00','BTC/BRL','248114.00000000','252963.00000000','242626.00000000','243500.00000000','325.88250200','80595162.27666600',29083
'2021-08-15 00:00:00','BTC/BRL','248986.00000000','250349.00000000','241636.00000000','248054.00000000','189.52178900','46552543.87833700',19085
'2021-08-14 00:00:00','BTC/BRL','252152.00000000','253173.00000000','244000.00000000','248774.00000000','225.16421800','55846249.16194200',22829
'2021-08-13 00:00:00','BTC/BRL','235379.00000000','252498.00000000','233821.00000000','252204.00000000','398.07491300','97613764.37840400',32735
'2021-08-12 00:00:00','BTC/BRL','240401.00000000','243796.00000000','231004.00000000','235236.00000000','408.21429400','96492309.19592400',31361
'2021-08-11 00:00:00','BTC/BRL','238547.00000000','245449.00000000','237853.00000000','240500.00000000','331.31028000','80229902.54762400',33806
'2021-08-10 00:00:00','BTC/BRL','243655.00000000','245386.00000000','234373.00000000','238425.00000000','361.35063300','86514835.22330400',35259
'2021-08-09 00:00:00','BTC/BRL','230898.00000000','245200.00000000','225038.00000000','243655.00000000','506.01279100','120961212.33277700',40435
'2021-08-08 00:00:00','BTC/BRL','234452.00000000','238221.00000000','228300.00000000','230842.00000000','341.40021100','79684632.32010100',26949
'2021-08-07 00:00:00','BTC/BRL','224734.00000000','235106.00000000','223389.00000000','234452.00000000','457.20012600','104923953.26382100',35663
'2021-08-06 00:00:00','BTC/BRL','214298.00000000','226448.00000000','209286.00000000','224694.00000000','524.88053400','114850375.86810500',37895
'2021-08-05 00:00:00','BTC/BRL','207081.00000000','216025.00000000','194836.00000000','214203.00000000','683.25025100','140610769.06589500',38033
'2021-08-04 00:00:00','BTC/BRL','200087.00000000','208797.00000000','196700.00000000','206982.00000000','433.86515000','88865782.71825700',25383
'2021-08-03 00:00:00','BTC/BRL','204198.00000000','206938.00000000','197379.00000000','200032.00000000','334.89609900','67352189.89587400',22969
'2021-08-02 00:00:00','BTC/BRL','208015.00000000','210481.00000000','202092.00000000','204221.00000000','311.68898000','63959525.38881400',23773
'2021-08-01 00:00:00','BTC/BRL','216336.00000000','220850.00000000','206531.00000000','207840.00000000','251.61337200','54035189.43624300',21998
'2021-07-31 00:00:00','BTC/BRL','220202.00000000','220800.00000000','213834.00000000','216022.00000000','218.44907700','47363102.59918300',21771
'2021-07-30 00:00:00','BTC/BRL','204489.00000000','220513.00000000','196501.00000000','219921.00000000','567.75411100','117701665.82075400',32678
'2021-07-29 00:00:00','BTC/BRL','206832.00000000','209540.00000000','201338.00000000','204388.00000000','248.38195100','50811026.24911900',20320
'2021-07-28 00:00:00','BTC/BRL','205557.00000000','211600.00000000','202364.00000000','206500.00000000','563.83646200','116564117.53593700',35843
'2021-07-27 00:00:00','BTC/BRL','194588.00000000','205728.00000000','189590.00000000','205349.00000000','410.80791100','81207059.16911100',27865
'2021-07-26 00:00:00','BTC/BRL','184128.00000000','210000.00000000','183365.00000000','194340.00000000','954.23753800','189490338.78786200',63916
'2021-07-25 00:00:00','BTC/BRL','179307.00000000','184351.00000000','173501.00000000','184267.00000000','260.18071900','46742057.28281700',21142
'2021-07-24 00:00:00','BTC/BRL','176041.00000000','179999.00000000','173893.00000000','179300.00000000','294.76692200','52041823.80002500',22476
'2021-07-23 00:00:00','BTC/BRL','170010.00000000','176053.00000000','166883.00000000','175898.00000000','397.25289700','67730151.74422400',21384
'2021-07-22 00:00:00','BTC/BRL','168500.00000000','170895.00000000','165714.00000000','169857.00000000','371.75658500','62705243.24139300',19915
'2021-07-21 00:00:00','BTC/BRL','156910.00000000','171850.00000000','155374.00000000','168499.00000000','625.35786500','103795957.98834500',32179
'2021-07-20 00:00:00','BTC/BRL','163054.00000000','163997.00000000','155062.00000000','156869.00000000','354.49348700','55839932.41269500',26247
'2021-07-19 00:00:00','BTC/BRL','164443.00000000','164707.00000000','159400.00000000','163056.00000000','277.22592400','44912781.12722100',16225
'2021-07-18 00:00:00','BTC/BRL','163115.00000000','167346.00000000','161200.00000000','164442.00000000','131.31002800','21544104.30371700',10319
'2021-07-17 00:00:00','BTC/BRL','162704.00000000','165230.00000000','161411.00000000','163000.00000000','112.17425500','18322058.56722400',9526
'2021-07-16 00:00:00','BTC/BRL','164666.00000000','165646.00000000','160408.00000000','162672.00000000','364.12772200','59717521.00381600',17595
'2021-07-15 00:00:00','BTC/BRL','168248.00000000','169887.00000000','160733.00000000','164500.00000000','365.37502200','59650627.09340900',21610
'2021-07-14 00:00:00','BTC/BRL','170930.00000000','171318.00000000','165079.00000000','168250.00000000','455.71869100','76807367.29862500',23356
'2021-07-13 00:00:00','BTC/BRL','173146.00000000','174128.00000000','168436.00000000','170930.00000000','369.63452900','63062720.16998900',23057
'2021-07-12 00:00:00','BTC/BRL','180838.00000000','182877.00000000','171000.00000000','173071.00000000','411.94555900','72446544.80367100',25204
'2021-07-11 00:00:00','BTC/BRL','178033.00000000','182768.00000000','177063.00000000','180738.00000000','168.27281800','30298116.07003400',13746
'2021-07-10 00:00:00','BTC/BRL','179000.00000000','181338.00000000','175810.00000000','178035.00000000','161.83381400','28959991.99071400',14955
'2021-07-09 00:00:00','BTC/BRL','175000.00000000','181000.00000000','172001.00000000','179000.00000000','309.11189100','54820038.13359100',21549
'2021-07-08 00:00:00','BTC/BRL','178591.00000000','178983.00000000','170765.00000000','174997.00000000','524.97012500','91362339.84651600',32311
'2021-07-07 00:00:00','BTC/BRL','178391.00000000','183554.00000000','177020.00000000','178592.00000000','599.26728000','108728588.74584900',32560
'2021-07-06 00:00:00','BTC/BRL','173882.00000000','179000.00000000','172663.00000000','178403.00000000','433.62901100','76529716.46680200',28545
'2021-07-05 00:00:00','BTC/BRL','178927.00000000','178927.00000000','169000.00000000','173709.00000000','447.09193200','77704280.02102300',25379
'2021-07-04 00:00:00','BTC/BRL','175849.00000000','182114.00000000','174681.00000000','178929.00000000','211.89233100','37964675.75716800',19262
'2021-07-03 00:00:00','BTC/BRL','171700.00000000','177065.00000000','169501.00000000','176000.00000000','199.11974000','34745332.78033300',17174
'2021-07-02 00:00:00','BTC/BRL','170280.00000000','172828.00000000','166500.00000000','171592.00000000','417.88933300','70641970.79021200',23094
'2021-07-01 00:00:00','BTC/BRL','175851.00000000','175956.00000000','166100.00000000','170342.00000000','396.54114200','67239007.72979000',25578
'2021-06-30 00:00:00','BTC/BRL','178800.00000000','179888.00000000','171336.00000000','175718.00000000','453.59812500','79113109.10021500',26659
'2021-06-29 00:00:00','BTC/BRL','171226.00000000','181500.00000000','169900.00000000','178712.00000000','524.89171000','93094458.96660000',30945
'2021-06-28 00:00:00','BTC/BRL','172000.00000000','174804.00000000','168181.00000000','171235.00000000','484.56413100','82982798.95599300',25999
'2021-06-27 00:00:00','BTC/BRL','161376.00000000','172443.00000000','160059.00000000','171951.00000000','301.84988300','50095409.13917900',21220
'2021-06-26 00:00:00','BTC/BRL','158466.00000000','163250.00000000','151151.00000000','161319.00000000','351.45748900','55183438.02236700',22145
'2021-06-25 00:00:00','BTC/BRL','172028.00000000','175799.00000000','156801.00000000','158467.00000000','682.42731700','112547808.95304000',30783
'2021-06-24 00:00:00','BTC/BRL','169234.00000000','174099.00000000','162400.00000000','172029.00000000','387.58028000','65790904.68877500',22134
'2021-06-23 00:00:00','BTC/BRL','163333.00000000','177000.00000000','159510.00000000','169169.00000000','555.08415400','94338038.48894200',29839
'2021-06-22 00:00:00','BTC/BRL','160890.00000000','169364.00000000','145000.00000000','163318.00000000','829.59935500','130948869.78802000',43358
'2021-06-21 00:00:00','BTC/BRL','183327.00000000','184000.00000000','159301.00000000','160917.00000000','723.81326500','121079853.27784400',45322
'2021-06-20 00:00:00','BTC/BRL','183146.00000000','186220.00000000','172850.00000000','183349.00000000','278.85088900','50038577.68252200',21608
'2021-06-19 00:00:00','BTC/BRL','183892.00000000','187461.00000000','179346.00000000','183116.00000000','234.43113400','43171940.08181300',16916
'2021-06-18 00:00:00','BTC/BRL','192143.00000000','193197.00000000','179674.00000000','184153.00000000','503.29077500','93991844.07893500',32903
'2021-06-17 00:00:00','BTC/BRL','195669.00000000','201595.00000000','189665.00000000','191955.00000000','359.62243100','70238110.41331100',27023
'2021-06-16 00:00:00','BTC/BRL','204044.00000000','205794.00000000','194032.00000000','195671.00000000','459.78124700','91441215.60824000',32293
'2021-06-15 00:00:00','BTC/BRL','206887.00000000','209898.00000000','201388.00000000','204046.00000000','487.58128700','100066538.73999700',35479
'2021-06-14 00:00:00','BTC/BRL','199698.00000000','210000.00000000','197768.00000000','206897.00000000','537.22703000','109493048.96981000',42413
'2021-06-13 00:00:00','BTC/BRL','183497.00000000','201240.00000000','179900.00000000','199441.00000000','359.54976600','69393379.48691300',28071
'2021-06-12 00:00:00','BTC/BRL','192799.00000000','193500.00000000','179111.00000000','183577.00000000','199.21746500','36803651.56631300',18528
'2021-06-11 00:00:00','BTC/BRL','187248.00000000','193590.00000000','183629.00000000','192579.00000000','285.63859400','54292352.16555100',22272
'2021-06-10 00:00:00','BTC/BRL','191000.00000000','195901.00000000','183364.00000000','187247.00000000','455.37697800','86373642.95863800',29780
'2021-06-09 00:00:00','BTC/BRL','170023.00000000','191791.00000000','164745.00000000','190945.00000000','507.19342300','91452614.86625100',31609
'2021-06-08 00:00:00','BTC/BRL','171546.00000000','173876.00000000','157802.00000000','169876.00000000','539.97892900','89475194.73690000',34916
'2021-06-07 00:00:00','BTC/BRL','182423.00000000','187260.00000000','170495.00000000','171582.00000000','380.17169300','68638077.39071400',27092
'2021-06-06 00:00:00','BTC/BRL','181242.00000000','185306.00000000','179429.00000000','182214.00000000','95.34583100','17410084.10005300',11171
'2021-06-05 00:00:00','BTC/BRL','187216.00000000','191000.00000000','177778.00000000','181242.00000000','242.89615900','44690068.48371600',20435
'2021-06-04 00:00:00','BTC/BRL','199411.00000000','199588.00000000','182624.00000000','186966.00000000','373.46514200','70577852.77429200',25086
'2021-06-03 00:00:00','BTC/BRL','192098.00000000','199400.00000000','190501.00000000','199400.00000000','235.47296400','46256324.39039000',25020
'2021-06-02 00:00:00','BTC/BRL','190202.00000000','195717.00000000','186249.00000000','192089.00000000','278.61367300','53439649.76282700',24398
'2021-06-01 00:00:00','BTC/BRL','195447.00000000','198465.00000000','185571.00000000','190204.00000000','377.34129000','71905377.42459300',28942
'2021-05-31 00:00:00','BTC/BRL','188278.00000000','196776.00000000','180282.00000000','195402.00000000','464.53491400','88840793.91181700',34387
'2021-05-30 00:00:00','BTC/BRL','182731.00000000','192127.00000000','176727.00000000','188236.00000000','267.17854000','49812333.26857700',24300
'2021-05-29 00:00:00','BTC/BRL','188618.00000000','196773.00000000','178186.00000000','182653.00000000','453.32765500','83999942.05128000',37215
'2021-05-28 00:00:00','BTC/BRL','203773.00000000','205598.00000000','183471.00000000','188503.00000000','774.23421300','149287798.71605100',55267
'2021-05-27 00:00:00','BTC/BRL','210262.00000000','215500.00000000','199414.00000000','203358.00000000','469.30926600','97266256.50863800',37950
'2021-05-26 00:00:00','BTC/BRL','206292.00000000','217617.00000000','203047.00000000','210331.00000000','586.86343100','123076131.06263600',43749
'2021-05-25 00:00:00','BTC/BRL','208965.00000000','214093.00000000','196358.00000000','206100.00000000','575.03142900','117223815.27940700',43019
'2021-05-24 00:00:00','BTC/BRL','189856.00000000','214291.00000000','188008.00000000','208850.00000000','694.67677500','140406088.01576000',57838
'2021-05-23 00:00:00','BTC/BRL','204168.00000000','208091.00000000','173177.00000000','189677.00000000','975.52839900','182562234.79355600',73499
'2021-05-22 00:00:00','BTC/BRL','203422.00000000','211270.00000000','192222.00000000','204085.00000000','756.06692900','154089535.24503500',44815
'2021-05-21 00:00:00','BTC/BRL','217983.00000000','226213.00000000','185270.00000000','203146.00000000','1109.02273500','229858477.68533000',75870
'2021-05-20 00:00:00','BTC/BRL','200044.00000000','231400.00000000','192047.00000000','217806.00000000','1892.24986400','405341353.38721500',108825
'2021-05-19 00:00:00','BTC/BRL','228077.00000000','231584.00000000','162999.00000000','199700.00000000','2888.95814500','600667044.62935400',160186
'2021-05-18 00:00:00','BTC/BRL','232070.00000000','243851.00000000','225301.00000000','228075.00000000','617.44282900','143972098.37550000',52488
'2021-05-17 00:00:00','BTC/BRL','247908.00000000','248999.00000000','223455.00000000','232013.00000000','674.34750200','157657707.50287300',58412
'2021-05-16 00:00:00','BTC/BRL','250173.00000000','263960.00000000','234758.00000000','247882.00000000','412.25508000','102862537.60247200',39362
'2021-05-15 00:00:00','BTC/BRL','265258.00000000','269262.00000000','249001.00000000','250274.00000000','327.54003500','84817646.40049200',34285
'2021-05-14 00:00:00','BTC/BRL','265830.00000000','274191.00000000','260711.00000000','265024.00000000','357.31617000','95831689.62213400',43606
'2021-05-13 00:00:00','BTC/BRL','266495.00000000','273760.00000000','249000.00000000','265831.00000000','769.68321300','204020216.56433300',88255
'2021-05-12 00:00:00','BTC/BRL','298346.00000000','304200.00000000','262158.00000000','266397.00000000','488.81933300','142448541.92584900',57458
'2021-05-11 00:00:00','BTC/BRL','297094.00000000','300500.00000000','290561.00000000','298153.00000000','363.71001500','107612404.63942000',38796
'2021-05-10 00:00:00','BTC/BRL','308374.00000000','314329.00000000','286284.00000000','297094.00000000','495.38810200','149879912.77330900',52518
'2021-05-09 00:00:00','BTC/BRL','312645.00000000','313975.00000000','300542.00000000','308443.00000000','262.56190700','80862983.82215900',32976
'2021-05-08 00:00:00','BTC/BRL','304129.00000000','314797.00000000','302290.00000000','312688.00000000','237.99636500','73827107.85194800',32852
'2021-05-07 00:00:00','BTC/BRL','301380.00000000','308376.00000000','296000.00000000','304129.00000000','351.83299400','106392396.56237400',41944
'2021-05-06 00:00:00','BTC/BRL','310650.00000000','313365.00000000','295887.00000000','301380.00000000','373.04750400','113650511.17546000',47170
'2021-05-05 00:00:00','BTC/BRL','294000.00000000','314452.00000000','292892.00000000','310649.00000000','404.60566600','123780476.64112400',48638
'2021-05-04 00:00:00','BTC/BRL','314402.00000000','314776.00000000','292504.00000000','294299.00000000','562.76281500','170472940.85319300',59621
'2021-05-03 00:00:00','BTC/BRL','310692.00000000','322503.00000000','310360.00000000','314465.00000000','322.33315200','101943122.00932100',37791
'2021-05-02 00:00:00','BTC/BRL','317769.00000000','318200.00000000','307401.00000000','310752.00000000','145.10000700','45228335.99364400',21037
'2021-05-01 00:00:00','BTC/BRL','315934.00000000','320715.00000000','313480.00000000','317708.00000000','193.83843100','61462854.52966800',28364
'2021-04-30 00:00:00','BTC/BRL','288682.00000000','316913.00000000','286005.00000000','315831.00000000','313.92484200','95003191.33823200',39497
'2021-04-29 00:00:00','BTC/BRL','295713.00000000','297700.00000000','282716.00000000','288639.00000000','271.15909700','78477824.32538800',31461
'2021-04-28 00:00:00','BTC/BRL','302506.00000000','306164.00000000','292129.00000000','295530.00000000','294.46208500','87992818.70227300',35280
'2021-04-27 00:00:00','BTC/BRL','295796.00000000','304889.00000000','291617.00000000','302507.00000000','271.79304900','81356538.67226800',32518
'2021-04-26 00:00:00','BTC/BRL','272145.00000000','298888.00000000','270921.00000000','295796.00000000','401.47466900','117146712.37688400',43589
'2021-04-25 00:00:00','BTC/BRL','278165.00000000','280500.00000000','261397.00000000','272145.00000000','211.19580000','57497211.30089400',26054
'2021-04-24 00:00:00','BTC/BRL','283902.00000000','284302.00000000','270701.00000000','278172.00000000','235.91504300','65511719.59788200',40296
'2021-04-23 00:00:00','BTC/BRL','286145.00000000','287109.00000000','264289.00000000','283903.00000000','647.87500900','179183695.97021700',88614
'2021-04-22 00:00:00','BTC/BRL','303721.00000000','309621.00000000','277232.00000000','286001.00000000','605.83048100','179668730.90737100',84623
'2021-04-21 00:00:00','BTC/BRL','319262.00000000','320474.00000000','302888.00000000','303722.00000000','230.00300400','71610764.96317600',50366
'2021-04-20 00:00:00','BTC/BRL','314308.00000000','322000.00000000','301002.00000000','319262.00000000','351.24717100','109952351.27794100',59186
'2021-04-19 00:00:00','BTC/BRL','320400.00000000','327863.00000000','306869.00000000','314308.00000000','371.16472400','118009049.50297600',63053
'2021-04-18 00:00:00','BTC/BRL','343312.00000000','345000.00000000','297000.00000000','320463.00000000','537.05220500','171599686.03112000',88098
'2021-04-17 00:00:00','BTC/BRL','349112.00000000','355000.00000000','341915.00000000','343258.00000000','169.64507800','59091741.25747800',43158
'2021-04-16 00:00:00','BTC/BRL','360739.00000000','363477.00000000','345000.00000000','349112.00000000','456.52256900','160214050.53076300',76426
'2021-04-15 00:00:00','BTC/BRL','361587.00000000','364000.00000000','355105.00000000','360685.00000000','332.69537000','119368695.05391100',54021
'2021-04-14 00:00:00','BTC/BRL','368798.00000000','375418.00000000','352785.00000000','361475.00000000','465.64553200','170056592.92768700',71551
'2021-04-13 00:00:00','BTC/BRL','345488.00000000','368968.00000000','345166.00000000','368798.00000000','397.76332300','142957297.72047000',61512
'2021-04-12 00:00:00','BTC/BRL','343498.00000000','347864.00000000','340000.00000000','345499.00000000','234.52258400','80682794.13582000',36766
'2021-04-11 00:00:00','BTC/BRL','341921.00000000','345200.00000000','337265.00000000','343221.00000000','140.21576200','47928475.86246400',25520
'2021-04-10 00:00:00','BTC/BRL','332461.00000000','346671.00000000','332125.00000000','341636.00000000','239.50362300','81671844.98875400',34876
'2021-04-09 00:00:00','BTC/BRL','327494.00000000','335000.00000000','324147.00000000','332449.00000000','157.40051900','52109196.31692500',29669
'2021-04-08 00:00:00','BTC/BRL','317738.00000000','327796.00000000','316542.00000000','327494.00000000','181.22944200','58693415.11394600',29483
'2021-04-07 00:00:00','BTC/BRL','328655.00000000','331200.00000000','315265.00000000','317936.00000000','300.47374000','96525040.14639200',43437
'2021-04-06 00:00:00','BTC/BRL','337485.00000000','339654.00000000','326313.00000000','328657.00000000','245.95083900','81519032.41394500',38431
'2021-04-05 00:00:00','BTC/BRL','337418.00000000','339093.00000000','330128.00000000','337447.00000000','197.10595000','66151272.79814600',33264
'2021-04-04 00:00:00','BTC/BRL','332809.00000000','338597.00000000','328095.00000000','337412.00000000','82.79595500','27668630.70079500',19705
'2021-04-03 00:00:00','BTC/BRL','339647.00000000','342116.00000000','331500.00000000','332818.00000000','126.15262000','42621638.20597400',24497
'2021-04-02 00:00:00','BTC/BRL','338489.00000000','344298.00000000','336568.00000000','339647.00000000','148.46232700','50529280.24443700',28007
'2021-04-01 00:00:00','BTC/BRL','334670.00000000','339779.00000000','330407.00000000','338489.00000000','175.86347400','59158675.62944800',28748
'2021-03-31 00:00:00','BTC/BRL','339499.00000000','343806.00000000','330100.00000000','334425.00000000','253.42033300','85489174.34392900',35672
'2021-03-30 00:00:00','BTC/BRL','332501.00000000','341768.00000000','330323.00000000','339500.00000000','241.64381000','81627844.05333400',31910
'2021-03-29 00:00:00','BTC/BRL','321242.00000000','337900.00000000','316296.00000000','332768.00000000','379.04352200','125550354.19745200',37031
'2021-03-28 00:00:00','BTC/BRL','321637.00000000','324346.00000000','316009.00000000','321039.00000000','103.81696000','33324687.42569000',17429
'2021-03-27 00:00:00','BTC/BRL','318575.00000000','325000.00000000','312901.00000000','321764.00000000','167.56835700','53544160.14400900',23614
'2021-03-26 00:00:00','BTC/BRL','293860.00000000','318604.00000000','293200.00000000','318579.00000000','211.89008000','65180832.08674800',28231
'2021-03-25 00:00:00','BTC/BRL','299563.00000000','302978.00000000','288502.00000000','293437.00000000','248.96471800','73679046.22540600',37122
'2021-03-24 00:00:00','BTC/BRL','304193.00000000','318778.00000000','295002.00000000','299572.00000000','210.97949400','65098301.54432300',33296
'2021-03-23 00:00:00','BTC/BRL','303155.00000000','310000.00000000','296252.00000000','304195.00000000','187.09225800','57189907.14149800',28855
'2021-03-22 00:00:00','BTC/BRL','321000.00000000','325549.00000000','301502.00000000','303155.00000000','207.95216100','65098704.83002100',32971
'2021-03-21 00:00:00','BTC/BRL','323700.00000000','326996.00000000','313100.00000000','321000.00000000','154.33362300','49436464.09236200',21695
'2021-03-20 00:00:00','BTC/BRL','323256.00000000','331000.00000000','322200.00000000','323803.00000000','124.15081000','40638196.58090100',21811
'2021-03-19 00:00:00','BTC/BRL','324342.00000000','330573.00000000','317871.00000000','323267.00000000','195.06915300','63474362.79502400',28466
'2021-03-18 00:00:00','BTC/BRL','330772.00000000','335000.00000000','320405.00000000','324342.00000000','266.13231600','87103809.01511100',32647
'2021-03-17 00:00:00','BTC/BRL','322222.00000000','331244.00000000','309832.00000000','330772.00000000','228.56725100','73013780.75398100',31533
'2021-03-16 00:00:00','BTC/BRL','317383.00000000','322436.00000000','305262.00000000','322326.00000000','247.64330900','77780505.77302200',34584
'2021-03-15 00:00:00','BTC/BRL','333880.00000000','344150.00000000','313000.00000000','317705.00000000','299.79761300','96976105.04111900',40965
'2021-03-14 00:00:00','BTC/BRL','343470.00000000','345300.00000000','333861.00000000','333982.00000000','118.35160700','40115660.69517600',21607
'2021-03-13 00:00:00','BTC/BRL','320847.00000000','346263.00000000','317000.00000000','343198.00000000','210.30605900','69810339.58563500',34390
'2021-03-12 00:00:00','BTC/BRL','322300.00000000','323600.00000000','310245.00000000','320848.00000000','264.01225200','83970436.29801600',33566
'2021-03-11 00:00:00','BTC/BRL','319982.00000000','323750.00000000','312142.00000000','322079.00000000','228.45162400','72966384.76631400',27765
'2021-03-10 00:00:00','BTC/BRL','318210.00000000','327886.00000000','308500.00000000','319982.00000000','279.73591100','89828455.31698400',36480
'2021-03-09 00:00:00','BTC/BRL','303500.00000000','319500.00000000','300665.00000000','318596.00000000','219.08544500','68350126.09799900',36293
'2021-03-08 00:00:00','BTC/BRL','289458.00000000','303500.00000000','280970.00000000','303500.00000000','214.59303200','62651931.82802200',26088
'2021-03-07 00:00:00','BTC/BRL','280000.00000000','291899.00000000','279950.00000000','288621.00000000','87.05258500','24950120.77620000',14451
'2021-03-06 00:00:00','BTC/BRL','279696.00000000','282000.00000000','271285.00000000','279999.00000000','55.15607100','15271173.59395400',10361
'2021-03-05 00:00:00','BTC/BRL','277237.00000000','283451.00000000','266390.00000000','279491.00000000','162.76650200','44618968.05454000',20874
'2021-03-04 00:00:00','BTC/BRL','285401.00000000','293100.00000000','271140.00000000','277237.00000000','210.80323500','59027315.88248200',25803
'2021-03-03 00:00:00','BTC/BRL','277000.00000000','299600.00000000','275353.00000000','285401.00000000','263.99933300','76609582.91221100',27996
'2021-03-02 00:00:00','BTC/BRL','281490.00000000','284121.00000000','269332.00000000','277000.00000000','171.70371300','47517087.09769300',21431
'2021-03-01 00:00:00','BTC/BRL','257538.00000000','282000.00000000','256447.00000000','281400.00000000','201.98443200','54891738.19326700',22527
'2021-02-28 00:00:00','BTC/BRL','263099.00000000','265600.00000000','246517.00000000','257551.00000000','185.12634000','47252144.50195300',24322
'2021-02-27 00:00:00','BTC/BRL','262267.00000000','271690.00000000','257000.00000000','263083.00000000','168.93409000','44908328.46465400',28409
'2021-02-26 00:00:00','BTC/BRL','264501.00000000','271690.00000000','251000.00000000','262320.00000000','344.79807000','90600481.65775200',50531
'2021-02-25 00:00:00','BTC/BRL','273577.00000000','284736.00000000','262651.00000000','265018.00000000','225.22327400','62112691.77523700',39432
'2021-02-24 00:00:00','BTC/BRL','271544.00000000','285708.00000000','262101.00000000','273459.00000000','273.26004900','75144836.04424000',47186
'2021-02-23 00:00:00','BTC/BRL','301812.00000000','302000.00000000','254000.00000000','271544.00000000','504.63316400','136480979.97717500',54878
'2021-02-22 00:00:00','BTC/BRL','316762.00000000','317206.00000000','265400.00000000','301195.00000000','447.28900000','133294435.80158100',58499
'2021-02-21 00:00:00','BTC/BRL','308031.00000000','319000.00000000','305913.00000000','316779.00000000','150.98718300','47534349.72123600',33021
'2021-02-20 00:00:00','BTC/BRL','305400.00000000','315000.00000000','298131.00000000','308019.00000000','200.22391500','61855521.90977200',37976
'2021-02-19 00:00:00','BTC/BRL','283925.00000000','306999.00000000','280500.00000000','305400.00000000','264.38384400','77533901.47929900',40635
'2021-02-18 00:00:00','BTC/BRL','285648.00000000','287642.00000000','279435.00000000','283927.00000000','173.69859600','49363341.76111400',33133
'2021-02-17 00:00:00','BTC/BRL','267097.00000000','286973.00000000','266000.00000000','285619.00000000','199.08902700','55431818.59662000',38474
'2021-02-16 00:00:00','BTC/BRL','261933.00000000','274453.00000000','258430.00000000','266875.00000000','147.88079000','39362959.24286400',28971
'2021-02-15 00:00:00','BTC/BRL','265511.00000000','267145.00000000','253500.00000000','262025.00000000','151.20621800','39603195.03303000',27926
'2021-02-14 00:00:00','BTC/BRL','257245.00000000','269000.00000000','256376.00000000','265498.00000000','151.27552700','40024433.53353700',26352
'2021-02-13 00:00:00','BTC/BRL','257373.00000000','260300.00000000','253045.00000000','257291.00000000','116.36432100','29863847.09589300',21342
'2021-02-12 00:00:00','BTC/BRL','260654.00000000','264524.00000000','252022.00000000','257596.00000000','173.84705700','44914992.84695700',26035
'2021-02-11 00:00:00','BTC/BRL','243885.00000000','263199.00000000','240000.00000000','260123.00000000','234.39210600','59658441.88330500',33519
'2021-02-10 00:00:00','BTC/BRL','252510.00000000','255200.00000000','238385.00000000','243942.00000000','252.28231300','62359800.36426800',37087
'2021-02-09 00:00:00','BTC/BRL','247031.00000000','257171.00000000','242236.00000000','252512.00000000','298.31680600','74638602.94948100',33481
'2021-02-08 00:00:00','BTC/BRL','211841.00000000','249212.00000000','207446.00000000','247248.00000000','428.28369300','99342329.80530300',45412
'2021-02-07 00:00:00','BTC/BRL','212614.00000000','215000.00000000','203977.00000000','212059.00000000','158.07977900','33173661.66178300',22857
'2021-02-06 00:00:00','BTC/BRL','207499.00000000','222621.00000000','206850.00000000','212614.00000000','248.33737100','53528486.79347200',28654
'2021-02-05 00:00:00','BTC/BRL','201874.00000000','208080.00000000','200183.00000000','207490.00000000','184.83866800','37858813.84773600',24951
'2021-02-04 00:00:00','BTC/BRL','202509.00000000','207506.00000000','197471.00000000','202021.00000000','269.66343800','54719154.63577500',31056
'2021-02-03 00:00:00','BTC/BRL','191535.00000000','202713.00000000','191120.00000000','202664.00000000','230.20362900','45574244.10468500',27777
'2021-02-02 00:00:00','BTC/BRL','184149.00000000','193917.00000000','183340.00000000','191540.00000000','207.24953800','39310699.21027900',26462
'2021-02-01 00:00:00','BTC/BRL','182546.00000000','189700.00000000','179057.00000000','184276.00000000','179.15569300','33181528.77187300',30579
'2021-01-31 00:00:00','BTC/BRL','187500.00000000','188000.00000000','178908.00000000','182546.00000000','89.01853500','16315400.36450500',11895
'2021-01-30 00:00:00','BTC/BRL','188300.00000000','191806.00000000','181202.00000000','187447.00000000','83.97387800','15719601.09129300',10286
'2021-01-29 00:00:00','BTC/BRL','182181.00000000','207632.00000000','173607.00000000','188300.00000000','469.27208300','91185918.90442000',41812
'2021-01-28 00:00:00','BTC/BRL','166425.00000000','184200.00000000','164285.00000000','182044.00000000','170.84626800','29823966.75351100',23256
'2021-01-27 00:00:00','BTC/BRL','175669.00000000','175774.00000000','160001.00000000','166567.00000000','242.22379600','40590407.11160000',30595
'2021-01-26 00:00:00','BTC/BRL','178570.00000000','181498.00000000','169128.00000000','175525.00000000','201.16165200','35139039.35984900',26516
'2021-01-25 00:00:00','BTC/BRL','177621.00000000','191348.00000000','176000.00000000','178696.00000000','181.62224100','33367578.55458900',23691
'2021-01-24 00:00:00','BTC/BRL','177289.00000000','181483.00000000','171438.00000000','177459.00000000','83.58348000','14781503.37644600',12574
'2021-01-23 00:00:00','BTC/BRL','181219.00000000','183206.00000000','174000.00000000','177319.00000000','105.12443000','18721380.33689400',16638
'2021-01-22 00:00:00','BTC/BRL','167340.00000000','186000.00000000','155000.00000000','181268.00000000','361.67764000','61716377.33175800',37489
'2021-01-21 00:00:00','BTC/BRL','189203.00000000','189908.00000000','163651.00000000','167696.00000000','398.96630200','69134052.69437000',36740
'2021-01-20 00:00:00','BTC/BRL','193797.00000000','196125.00000000','180000.00000000','189367.00000000','233.55708400','43939384.74615400',28179
'2021-01-19 00:00:00','BTC/BRL','194691.00000000','201000.00000000','193021.00000000','193900.00000000','156.30423700','30724018.05029500',23526
'2021-01-18 00:00:00','BTC/BRL','191912.00000000','198600.00000000','186819.00000000','194756.00000000','131.56934000','25331201.08772000',18189
'2021-01-17 00:00:00','BTC/BRL','194236.00000000','196869.00000000','185000.00000000','191912.00000000','128.61571200','24512867.93126100',17283
'2021-01-16 00:00:00','BTC/BRL','197757.00000000','202124.00000000','190633.00000000','194270.00000000','99.87477600','19713158.01486300',18037
'2021-01-15 00:00:00','BTC/BRL','205900.00000000','207684.00000000','184563.00000000','197976.00000000','263.33313600','51478814.23898100',29355
'2021-01-14 00:00:00','BTC/BRL','198827.00000000','211899.00000000','196299.00000000','206134.00000000','240.05435100','49175138.46758500',26381
'2021-01-13 00:00:00','BTC/BRL','183868.00000000','200600.00000000','177000.00000000','198819.00000000','239.84631300','44981232.70178200',29638
'2021-01-12 00:00:00','BTC/BRL','199160.00000000','203999.00000000','180375.00000000','184137.00000000','319.94082700','61087436.13227300',36556
'2021-01-11 00:00:00','BTC/BRL','209415.00000000','209822.00000000','168112.00000000','199020.00000000','622.88151600','115265765.25604200',49124
'2021-01-10 00:00:00','BTC/BRL','220504.00000000','224900.00000000','188500.00000000','209390.00000000','207.13160000','43668676.43330300',24894
'2021-01-09 00:00:00','BTC/BRL','223113.00000000','225333.00000000','213593.00000000','220612.00000000','145.87659700','32380319.34442400',21738
'2021-01-08 00:00:00','BTC/BRL','216160.00000000','228045.00000000','200150.00000000','222915.00000000','309.59780500','67904660.30487400',34911
'2021-01-07 00:00:00','BTC/BRL','196752.00000000','222813.00000000','194600.00000000','215874.00000000','362.24761100','75600532.03461100',36005
'2021-01-06 00:00:00','BTC/BRL','179990.00000000','197555.00000000','177210.00000000','196635.00000000','282.03212300','52764708.93478000',30281
'2021-01-05 00:00:00','BTC/BRL','169825.00000000','182966.00000000','159769.00000000','179972.00000000','229.90616900','39920823.60510600',23843
'2021-01-04 00:00:00','BTC/BRL','173504.00000000','175981.00000000','150000.00000000','169820.00000000','245.30932800','40581533.73573100',24657
'2021-01-03 00:00:00','BTC/BRL','168885.00000000','180925.00000000','167897.00000000','173503.00000000','172.84791800','30309745.06470000',19212
'2021-01-02 00:00:00','BTC/BRL','153478.00000000','173900.00000000','152171.00000000','168784.00000000','187.81836700','31072559.50919900',17243
'2021-01-01 00:00:00','BTC/BRL','152056.00000000','154167.00000000','150911.00000000','153480.00000000','58.94861700','9013538.82790500',6193
'2020-12-31 00:00:00','BTC/BRL','151605.00000000','153360.00000000','147190.00000000','151825.00000000','99.34789900','15001155.23462600',10937
'2020-12-30 00:00:00','BTC/BRL','143085.00000000','151784.00000000','142600.00000000','151664.00000000','156.57296000','23046789.55728400',14751
'2020-12-29 00:00:00','BTC/BRL','143425.00000000','143445.00000000','137338.00000000','142980.00000000','122.59611000','17264939.32724300',11623
'2020-12-28 00:00:00','BTC/BRL','138357.00000000','144680.00000000','137455.00000000','143325.00000000','119.25797000','16984617.22359900',11792
'2020-12-27 00:00:00','BTC/BRL','139329.00000000','149500.00000000','130000.00000000','138343.00000000','139.80070600','19854640.80610000',14326
